{
"lengthUnit": "mil",
"components": {
	"fields": ["COMPONENT_NO", "COMPONENT_NAME", "LAYER", "X_COORDINATE", "Y_COORDINATE", "ANGLE"],
	"rows": [
		[1, "C3", "T", 1020, -480, 270],
		[2, "C4", "T", 605, -405, 270],
		[3, "C5", "T", 950, -480, 90],
		[4, "C6", "T", 535, -405, 90],
		[5, "C7", "T", 70, 230, 90],
		[6, "C8", "T", 925, 240, 90],
		[7, "CN4", "T", -290, -385, 270],
		[8, "CN5", "T", 1670, -655, 90],
		[9, "CN6", "T", 1670, 655, 90],
		[10, "D2", "T", 125, -475, 270],
		[11, "H1", "T", 1640, 210, 270],
		[12, "H2", "T", 1640, -215, 270],
		[13, "L2", "T", 355, -490, 90],
		[14, "LED1", "T", 1455, 20, 90],
		[15, "LED2", "T", 1460, -290, 90],
		[16, "LED3", "T", -390, 535, 0],
		[17, "R1", "T", 1460, -160, 270],
		[18, "R2", "T", 1455, 145, 270],
		[19, "R3", "T", -185, 450, 90],
		[20, "SW3", "T", 1220, -255, 0],
		[21, "SW4", "T", -380, 270, 180],
		[22, "SW5", "T", 1215, 275, 0],
		[23, "U2", "T", 785, -485, 90],
		[24, "U3", "T", 540, 135, 270]
	]
},
"pins": {
	"fields": ["PIN_NO", "PIN_NAME", "PIN_X", "PIN_Y", "LAYER", "PIN_TYPE", "NET_NAME", "NET_TYPE", "PAD_SHAPE", "PAD_SIZEX", "PAD_SIZEY", "HOLE_SIZE", "PAD_ANGLE"],
	"rows": [
		[1, "C3_1", 1020, -452.44, "T", "SMD", "3.3V", "", "R", 31.5, 35.43, 0, 270],
		[2, "C3_2", 1020, -507.56, "T", "SMD", "GND", "GND", "R", 31.5, 35.43, 0, 270],
		[3, "C4_1", 605, -377.44, "T", "SMD", "5V", "", "R", 31.5, 35.43, 0, 270],
		[4, "C4_2", 605, -432.56, "T", "SMD", "GND", "GND", "R", 31.5, 35.43, 0, 270],
		[5, "C5_1", 950, -507.56, "T", "SMD", "GND", "GND", "R", 31.5, 35.43, 0, 90],
		[6, "C5_2", 950, -452.44, "T", "SMD", "3.3V", "", "R", 31.5, 35.43, 0, 90],
		[7, "C6_1", 535, -432.56, "T", "SMD", "GND", "GND", "R", 31.5, 35.43, 0, 90],
		[8, "C6_2", 535, -377.44, "T", "SMD", "5V", "", "R", 31.5, 35.43, 0, 90],
		[9, "C7_1", 70, 52.84, "T", "SMD", "12V", "", "R", 177.16, 64.96, 0, 90],
		[10, "C7_2", 70, 407.16, "T", "SMD", "GND", "GND", "R", 177.16, 64.96, 0, 90],
		[11, "C8_1", 925, 134.88, "T", "SMD", "5V", "", "R", 137.79, 47.24, 0, 90],
		[12, "C8_2", 925, 345.12, "T", "SMD", "GND", "GND", "R", 137.79, 47.24, 0, 90],
		[13, "CN4_1", -93.15, -286.57, "T", "DIP", "VCC", "", "C", 98.42, 98.42, 70.87, 270],
		[14, "CN4_1", -93.15, -286.57, "B", "DIP", "VCC", "", "C", 98.42, 98.42, 70.87, 270],
		[15, "CN4_2", -93.15, -483.43, "T", "DIP", "GND", "GND", "C", 98.42, 98.42, 70.87, 270],
		[16, "CN4_2", -93.15, -483.43, "B", "DIP", "GND", "GND", "C", 98.42, 98.42, 70.87, 270],
		[17, "CN4_3", -486.85, -601.53, "T", "DIP", "CN4_3", "", "C", 70.87, 70.87, 43.31, 270],
		[18, "CN4_3", -486.85, -601.53, "B", "DIP", "CN4_3", "", "C", 70.87, 70.87, 43.31, 270],
		[19, "CN4_4", -486.85, -168.46, "T", "DIP", "CN4_4", "", "C", 70.87, 70.87, 43.31, 270],
		[20, "CN4_4", -486.85, -168.46, "B", "DIP", "CN4_4", "", "C", 70.87, 70.87, 43.31, 270],
		[21, "CN5_1", 1473.15, -753.42, "T", "DIP", "12V", "", "C", 98.42, 98.42, 70.87, 90],
		[22, "CN5_1", 1473.15, -753.42, "B", "DIP", "12V", "", "C", 98.42, 98.42, 70.87, 90],
		[23, "CN5_2", 1473.15, -556.58, "T", "DIP", "GND", "GND", "C", 98.42, 98.42, 70.87, 90],
		[24, "CN5_2", 1473.15, -556.58, "B", "DIP", "GND", "GND", "C", 98.42, 98.42, 70.87, 90],
		[25, "CN5_3", 1866.85, -438.46, "T", "DIP", "CN5_3", "", "C", 70.87, 70.87, 43.31, 90],
		[26, "CN5_3", 1866.85, -438.46, "B", "DIP", "CN5_3", "", "C", 70.87, 70.87, 43.31, 90],
		[27, "CN5_4", 1866.85, -871.54, "T", "DIP", "CN5_4", "", "C", 70.87, 70.87, 43.31, 90],
		[28, "CN5_4", 1866.85, -871.54, "B", "DIP", "CN5_4", "", "C", 70.87, 70.87, 43.31, 90],
		[29, "CN6_1", 1473.15, 556.58, "T", "DIP", "$1N6771", "", "C", 98.42, 98.42, 70.87, 90],
		[30, "CN6_1", 1473.15, 556.58, "B", "DIP", "$1N6771", "", "C", 98.42, 98.42, 70.87, 90],
		[31, "CN6_2", 1473.15, 753.42, "T", "DIP", "GND", "GND", "C", 98.42, 98.42, 70.87, 90],
		[32, "CN6_2", 1473.15, 753.42, "B", "DIP", "GND", "GND", "C", 98.42, 98.42, 70.87, 90],
		[33, "CN6_3", 1866.85, 871.54, "T", "DIP", "CN6_3", "", "C", 70.87, 70.87, 43.31, 90],
		[34, "CN6_3", 1866.85, 871.54, "B", "DIP", "CN6_3", "", "C", 70.87, 70.87, 43.31, 90],
		[35, "CN6_4", 1866.85, 438.46, "T", "DIP", "CN6_4", "", "C", 70.87, 70.87, 43.31, 90],
		[36, "CN6_4", 1866.85, 438.46, "B", "DIP", "CN6_4", "", "C", 70.87, 70.87, 43.31, 90],
		[37, "D2_1", 124.63, -384.3, "T", "SMD", "$1N1457", "", "R", 80.57, 63.78, 0, 270],
		[38, "D2_2", 125.37, -565.7, "T", "SMD", "GND", "GND", "R", 80.57, 63.78, 0, 90],
		[39, "H1_1", 1590, 310, "T", "DIP", "$1N2113", "", "R", 66.93, 66.93, 43.31, 270],
		[40, "H1_1", 1590, 310, "B", "DIP", "$1N2113", "", "R", 66.93, 66.93, 43.31, 270],
		[41, "H1_2", 1690, 310, "T", "DIP", "GND", "GND", "C", 66.93, 66.93, 43.31, 270],
		[42, "H1_2", 1690, 310, "B", "DIP", "GND", "GND", "C", 66.93, 66.93, 43.31, 270],
		[43, "H1_3", 1590, 210, "T", "DIP", "$1N2113", "", "C", 66.93, 66.93, 43.31, 270],
		[44, "H1_3", 1590, 210, "B", "DIP", "$1N2113", "", "C", 66.93, 66.93, 43.31, 270],
		[45, "H1_4", 1690, 210, "T", "DIP", "GND", "GND", "C", 66.93, 66.93, 43.31, 270],
		[46, "H1_4", 1690, 210, "B", "DIP", "GND", "GND", "C", 66.93, 66.93, 43.31, 270],
		[47, "H1_5", 1590, 110, "T", "DIP", "$1N2113", "", "C", 66.93, 66.93, 43.31, 270],
		[48, "H1_5", 1590, 110, "B", "DIP", "$1N2113", "", "C", 66.93, 66.93, 43.31, 270],
		[49, "H1_6", 1690, 110, "T", "DIP", "GND", "GND", "C", 66.93, 66.93, 43.31, 270],
		[50, "H1_6", 1690, 110, "B", "DIP", "GND", "GND", "C", 66.93, 66.93, 43.31, 270],
		[51, "H2_1", 1590, -115, "T", "DIP", "$1N2166", "", "R", 66.93, 66.93, 43.31, 270],
		[52, "H2_1", 1590, -115, "B", "DIP", "$1N2166", "", "R", 66.93, 66.93, 43.31, 270],
		[53, "H2_2", 1690, -115, "T", "DIP", "GND", "GND", "C", 66.93, 66.93, 43.31, 270],
		[54, "H2_2", 1690, -115, "B", "DIP", "GND", "GND", "C", 66.93, 66.93, 43.31, 270],
		[55, "H2_3", 1590, -215, "T", "DIP", "$1N2166", "", "C", 66.93, 66.93, 43.31, 270],
		[56, "H2_3", 1590, -215, "B", "DIP", "$1N2166", "", "C", 66.93, 66.93, 43.31, 270],
		[57, "H2_4", 1690, -215, "T", "DIP", "GND", "GND", "C", 66.93, 66.93, 43.31, 270],
		[58, "H2_4", 1690, -215, "B", "DIP", "GND", "GND", "C", 66.93, 66.93, 43.31, 270],
		[59, "H2_5", 1590, -315, "T", "DIP", "$1N2166", "", "C", 66.93, 66.93, 43.31, 270],
		[60, "H2_5", 1590, -315, "B", "DIP", "$1N2166", "", "C", 66.93, 66.93, 43.31, 270],
		[61, "H2_6", 1690, -315, "T", "DIP", "GND", "GND", "C", 66.93, 66.93, 43.31, 270],
		[62, "H2_6", 1690, -315, "B", "DIP", "GND", "GND", "C", 66.93, 66.93, 43.31, 270],
		[63, "L2_1", 355, -368.82, "T", "SMD", "5V", "", "R", 99.37, 137.79, 0, 90],
		[64, "L2_2", 355, -611.18, "T", "SMD", "$1N1457", "", "R", 99.37, 137.79, 0, 90],
		[65, "LED1_1", 1455.13, -11.48, "T", "SMD", "GND", "GND", "R", 31.5, 31.5, 0, 180],
		[66, "LED1_2", 1454.86, 51.48, "T", "SMD", "$1N4140", "", "R", 31.5, 31.5, 0, 180],
		[67, "LED2_1", 1460.13, -321.48, "T", "SMD", "GND", "GND", "R", 31.5, 31.5, 0, 180],
		[68, "LED2_2", 1459.86, -258.52, "T", "SMD", "$1N4171", "", "R", 31.5, 31.5, 0, 180],
		[69, "LED3_1", -421.48, 534.87, "T", "SMD", "GND", "GND", "R", 31.5, 31.5, 0, 90],
		[70, "LED3_2", -358.52, 535.14, "T", "SMD", "$1N4370", "", "R", 31.5, 31.5, 0, 90],
		[71, "R1_1", 1460, -130.34, "T", "SMD", "$1N2166", "", "R", 31.75, 34.02, 0, 270],
		[72, "R1_2", 1460, -189.66, "T", "SMD", "$1N4171", "", "R", 31.75, 34.02, 0, 270],
		[73, "R2_1", 1455, 174.66, "T", "SMD", "$1N2113", "", "R", 31.75, 34.02, 0, 270],
		[74, "R2_2", 1455, 115.34, "T", "SMD", "$1N4140", "", "R", 31.75, 34.02, 0, 270],
		[75, "R3_1", -185, 420.34, "T", "SMD", "12V", "", "R", 31.75, 34.02, 0, 90],
		[76, "R3_2", -185, 479.66, "T", "SMD", "$1N4370", "", "R", 31.75, 34.02, 0, 90],
		[77, "SW3_1", 1121.58, -373.11, "T", "DIP", "SW3_1", "", "R", 60, 60, 39.37, 0],
		[78, "SW3_1", 1121.58, -373.11, "B", "DIP", "SW3_1", "", "R", 60, 60, 39.37, 0],
		[79, "SW3_2", 1220.01, -373.11, "T", "DIP", "3.3V", "", "C", 60, 60, 39.37, 0],
		[80, "SW3_2", 1220.01, -373.11, "B", "DIP", "3.3V", "", "C", 60, 60, 39.37, 0],
		[81, "SW3_3", 1318.42, -373.11, "T", "DIP", "$1N2166", "", "C", 60, 60, 39.37, 0],
		[82, "SW3_3", 1318.42, -373.11, "B", "DIP", "$1N2166", "", "C", 60, 60, 39.37, 0],
		[83, "SW3_4", 1121.58, -136.89, "T", "DIP", "5V", "", "C", 60, 60, 39.37, 0],
		[84, "SW3_4", 1121.58, -136.89, "B", "DIP", "5V", "", "C", 60, 60, 39.37, 0],
		[85, "SW3_5", 1220.01, -136.89, "T", "DIP", "$1N2113", "", "C", 60, 60, 39.37, 0],
		[86, "SW3_5", 1220.01, -136.89, "B", "DIP", "$1N2113", "", "C", 60, 60, 39.37, 0],
		[87, "SW3_6", 1318.42, -136.89, "T", "DIP", "SW3_6", "", "C", 60, 60, 39.37, 0],
		[88, "SW3_6", 1318.42, -136.89, "B", "DIP", "SW3_6", "", "C", 60, 60, 39.37, 0],
		[89, "SW4_1", -281.57, 388.11, "T", "DIP", "SW4_1", "", "R", 60, 60, 39.37, 180],
		[90, "SW4_1", -281.57, 388.11, "B", "DIP", "SW4_1", "", "R", 60, 60, 39.37, 180],
		[91, "SW4_2", -380, 388.11, "T", "DIP", "SW4_2", "", "C", 60, 60, 39.37, 180],
		[92, "SW4_2", -380, 388.11, "B", "DIP", "SW4_2", "", "C", 60, 60, 39.37, 180],
		[93, "SW4_3", -478.43, 388.11, "T", "DIP", "SW4_3", "", "C", 60, 60, 39.37, 180],
		[94, "SW4_3", -478.43, 388.11, "B", "DIP", "SW4_3", "", "C", 60, 60, 39.37, 180],
		[95, "SW4_4", -281.58, 151.89, "T", "DIP", "12V", "", "C", 60, 60, 39.37, 180],
		[96, "SW4_4", -281.58, 151.89, "B", "DIP", "12V", "", "C", 60, 60, 39.37, 180],
		[97, "SW4_5", -380, 151.89, "T", "DIP", "VCC", "", "C", 60, 60, 39.37, 180],
		[98, "SW4_5", -380, 151.89, "B", "DIP", "VCC", "", "C", 60, 60, 39.37, 180],
		[99, "SW4_6", -478.43, 151.89, "T", "DIP", "SW4_6", "", "C", 60, 60, 39.37, 180],
		[100, "SW4_6", -478.43, 151.89, "B", "DIP", "SW4_6", "", "C", 60, 60, 39.37, 180],
		[101, "SW5_1", 1116.58, 156.89, "T", "DIP", "SW5_1", "", "R", 60, 60, 39.37, 0],
		[102, "SW5_1", 1116.58, 156.89, "B", "DIP", "SW5_1", "", "R", 60, 60, 39.37, 0],
		[103, "SW5_2", 1215.01, 156.89, "T", "DIP", "SW5_2", "", "C", 60, 60, 39.37, 0],
		[104, "SW5_2", 1215.01, 156.89, "B", "DIP", "SW5_2", "", "C", 60, 60, 39.37, 0],
		[105, "SW5_3", 1313.42, 156.89, "T", "DIP", "SW5_3", "", "C", 60, 60, 39.37, 0],
		[106, "SW5_3", 1313.42, 156.89, "B", "DIP", "SW5_3", "", "C", 60, 60, 39.37, 0],
		[107, "SW5_4", 1116.58, 393.11, "T", "DIP", "$1N6771", "", "C", 60, 60, 39.37, 0],
		[108, "SW5_4", 1116.58, 393.11, "B", "DIP", "$1N6771", "", "C", 60, 60, 39.37, 0],
		[109, "SW5_5", 1215.01, 393.11, "T", "DIP", "12V", "", "C", 60, 60, 39.37, 0],
		[110, "SW5_5", 1215.01, 393.11, "B", "DIP", "12V", "", "C", 60, 60, 39.37, 0],
		[111, "SW5_6", 1313.42, 393.11, "T", "DIP", "SW5_6", "", "C", 60, 60, 39.37, 0],
		[112, "SW5_6", 1313.42, 393.11, "B", "DIP", "SW5_6", "", "C", 60, 60, 39.37, 0],
		[113, "U2_1", 875.55, -360, "T", "SMD", "GND", "GND", "R", 78.74, 47.24, 0, 270],
		[114, "U2_2", 785, -360, "T", "SMD", "3.3V", "", "R", 78.74, 47.24, 0, 270],
		[115, "U2_3", 694.45, -360, "T", "SMD", "5V", "", "R", 78.74, 47.24, 0, 270],
		[116, "U2_4", 785, -610, "T", "SMD", "U2_4", "", "R", 90.55, 149.61, 0, 270],
		[117, "U3_1", 406.14, -68.14, "T", "SMD", "12V", "", "R", 121.37, 40.16, 0, 270],
		[118, "U3_2", 473.07, -68.14, "T", "SMD", "$1N1457", "", "R", 121.37, 40.16, 0, 270],
		[119, "U3_3", 540, -68.14, "T", "SMD", "GND", "GND", "R", 121.37, 40.16, 0, 270],
		[120, "U3_4", 606.93, -68.14, "T", "SMD", "5V", "", "R", 121.37, 40.16, 0, 270],
		[121, "U3_5", 673.86, -68.14, "T", "SMD", "GND", "GND", "R", 121.37, 40.16, 0, 270],
		[122, "U3_6", 540, 338.15, "T", "SMD", "U3_6", "", "R", 334.64, 433.07, 0, 270]
	]
}
}